{"cameraMode":{"drawMode":0,"name":"Shaded","section":"Shading Mode"},"sceneLighting":true,"audioPlay":false,"sceneViewState":{"m_AlwaysRefresh":false,"showFog":true,"showSkybox":true,"showFlares":true,"showImageEffects":true,"showParticleSystems":true,"showVisualEffectGraphs":true,"m_FxEnabled":true},"in2DMode":false,"pivot":{"x":1.041201114654541,"y":2.5424649715423586,"z":12.680645942687989},"rotation":{"x":0.12822161614894868,"y":0.03836195170879364,"z":0.005127132870256901,"w":-0.9908968210220337},"size":1.9125988483428956,"orthographic":false}